Item Name,Qty,Price (total) (USD),Item link,Notes
Raspberry pi 4 Model B w/ Aluminum heatsinks ,1,$57.95,https://www.pishop.us/product/raspberry-pi-4-model-b-2gb/?src=raspberrypi,This is what will be used to process everything and control motors
Skateboard Bearings,1,$7.99,https://www.amazon.com/gp/product/B07R7PR72H/ref=ewc_pr_img_2?smid=A3P7CU92KFCYL&psc=1,This is what will be used to allow the wheels to move freely
Diann 4pcs TT Motors,1,$6.99,https://www.amazon.com/gp/product/B0BR7S2TRY/ref=ewc_pr_img_1?smid=A2L2YSK9NV3SSU&th=1,This is what will be used to move the rails and toolkit
720p USB WebCam,1,$5.16,https://www.aliexpress.us/item/3256807010937102.html?spm=a2g0o.productlist.main.1.2365120bxIjDBY&algo_pvid=c173164d-43aa-4a0b-bd28-798d84b5208e&algo_exp_id=c173164d-43aa-4a0b-bd28-798d84b5208e-0&pdp_ext_f={%22order%22%3A%226309%22%2C%22eval%22%3A%221%22%2C%22fromPage%22%3A%22search%22}&pdp_npi=6%40dis!USD!5.15!1.09!!!34.42!7.30!%4021030dcd17904707183624886e0cd1!12000039771040524!sea!US!0!ABX!1!0!n_tag%3A-29910%3Bd%3Ac2e975c8%3Bm03_new_user%3A-29895%3BpisId%3A5000000210782933&curPageLogUid=HFVlVgWNtYvL&utparam-url=scene%3Asearch|query_from%3A|x_object_id%3A1005007197251854|_p_origin_prod%3A,This is what will be used to send telemetry data to the tracking software and raspberry pi
Breadboard Jumper Cables,1,$2.77,https://www.aliexpress.us/item/3256809780010947.html?spm=a2g0o.productlist.main.1.2b2e54cbGEvITz&algo_pvid=cf8bf028-96fd-4d6b-bca4-af5e001e9d20&algo_exp_id=cf8bf028-96fd-4d6b-bca4-af5e001e9d20-0&pdp_ext_f={%22order%22%3A%22257%22%2C%22eval%22%3A%221%22%2C%22fromPage%22%3A%22search%22}&pdp_npi=6%40dis!USD!2.77!1.09!!!18.48!7.26!%402103094f17905265171182720e1371!12000050709772351!sea!US!0!ABX!1!0!n_tag%3A-29910%3Bd%3Ac2e975c8%3Bm03_new_user%3A-29895%3BpisId%3A5000000210782933&curPageLogUid=72c1d5Zbkp55&utparam-url=scene%3Asearch|query_from%3A|x_object_id%3A1005009966325699|_p_origin_prod%3A,This is what will be used to transfer power to the motors(the jumper cables are used because the esp32 is solderless)
L298N Motor Driver,1,$4.06,https://www.amazon.com/gp/product/B0HD9SRHBM/ref=ewc_pr_img_1?smid=A22HGUMUSXB1TD,This will be used to allow the raspberry pi to communicate with the dc motors
12v Rechargeable Battery,1,$20.89,https://www.amazon.com/gp/product/B0DF7T3LG1/ref=ewc_pr_img_2?smid=A1K5NHRHXVX6Q7, This will be used as the main power source for the motors
,,,,
,,,,
,,,,
,,,,
,,,,
,,,,
,,,,
,,,,
,,,,
,,,,
,,,,
,,,,
,,,,
,,,,
Total Price(subject to change) (USD):,$105.81,,,
